insert into Blog(type,publication_date,title,content,extend_ID)
values 
(N'Review',N'2023-01-01',N'Trải nghiệm lưu trú tại khách sạn 5 sao Hà Nội',N'Khách sạn sang trọng với nội thất đẳng cấp, dịch vụ chuyên nghiệp và tiện nghi hiện đại Trải nghiệm phòng rộng rãi, spa cao cấp, nhà hàng sang trọng và vị trí ngay trung tâm thành phố',null),
(N'Review',N'2023-02-10',N'Đánh giá khách sạn ven biển tại Nha Trang',N'Khách sạn có vị trí đẹp ngay sát biển, bữa sáng ngon với đa dạng món ăn, phòng sạch sẽ và nhân viên phục vụ tận tình, chu đáo',null),
(N'Review',N'2023-11-28',N'Khách sạn mang đậm nét văn hóa Cố đô',N'Nội thất hoài cổ với thiết kế truyền thống, phong cách phục vụ ấm áp, mang lại cảm giác hoài niệm về vẻ đẹp cung đình Huế',null),
(N'Review',N'2025-10-22',N'Trải nghiệm nghỉ dưỡng tại khách sạn ven sông Cần Thơ',N'Khách sạn ven sông với phong cách miền Tây đặc trưng, hồ bơi ngoài trời, nhà hàng nổi và phòng nghỉ có view hướng sông tuyệt đẹp',null),
(N'Review',N'2022-03-16',N'Trải nghiệm dịch vụ 5 sao tại khách sạn trung tâm Hải Phòng',N'Khách sạn cao cấp với vị trí đắc địa, nội thất sang trọng, dịch vụ chuyên nghiệp và nhà hàng ẩm thực đẳng cấp',null),
(N'Review',N'2022-06-03',N'Ở đâu khi du lịch Ninh Bình? Top khách sạn đáng trải nghiệm',N'Danh sách khách sạn và homestay có vị trí đẹp, gần các danh thắng như Tràng An, Hang Múa và Tam Cốc, dịch vụ tiện nghi và giá cả hợp lý',null),
(N'Promotion',N'2024-03-22',N'Ưu đãi đặc biệt khi đặt phòng tại biển Mỹ Khê',N'Giảm giá 30% cho khách đặt trước tại các khách sạn ven biển Đà Nẵng, tặng kèm bữa sáng miễn phí và dịch vụ đưa đón sân bay',null),
(N'Promotion',N'2022-05-05',N'Giảm giá 40% tại các villa ven sông Hội An',N'Cơ hội lưu trú cao cấp với giá siêu ưu đãi, tận hưởng không gian thoáng đãng ven sông, kiến trúc cổ kính và các dịch vụ chăm sóc sức khỏe thư giãn',null),
(N'Promotion',N'2022-08-15',N'Khuyến mãi hè: Giảm giá 30% khách sạn tại Vũng Tàu',N'Chương trình giảm giá mùa hè cho khách sạn tại Vũng Tàu, áp dụng cho phòng tiêu chuẩn, tặng kèm buffet sáng và giảm giá spa',null),
(N'Promotion',N'2024-04-09',N'Combo ưu đãi 3 ngày 2 đêm tại resort Côn Đảo',N'Gói combo bao gồm phòng nghỉ, buffet sáng, tour tham quan bãi Đầm Trầu và trải nghiệm spa thư giãn, ưu đãi hấp dẫn cho du khách',null),
(N'News',N'2024-08-13',N'Khách sạn mới mở gần Vịnh Hạ Long',N'Trải nghiệm nghỉ dưỡng với view hướng vịnh, tận hưởng không gian yên bình, dịch vụ chuyên nghiệp và các tour tham quan Vịnh Hạ Long hấp dẫn',null),
(N'News',N'2023-05-21',N'Khách sạn view đồi núi siêu đẹp tại Sapa',N'Hòa mình vào thiên nhiên với tầm nhìn tuyệt vời ra ruộng bậc thang, không khí trong lành và dịch vụ lưu trú chất lượng tại Sapa',null),
(N'News',N'2024-08-02',N'Resort 5 sao mới khai trương tại Mũi Né',N'Một resort sang trọng vừa khai trương tại Mũi Né với hồ bơi vô cực, spa cao cấp và nhà hàng chuyên phục vụ hải sản tươi ngon',null),
(N'News',N'2022-03-09',N'Khách sạn boutique độc đáo vừa ra mắt tại Pleiku',N'Thiết kế lấy cảm hứng từ văn hóa Tây Nguyên, kết hợp gỗ tự nhiên, không gian ấm cúng và dịch vụ tận tình dành cho du khách',null),
(N'Guide',N'2025-09-18',N'Kinh nghiệm đặt phòng khách sạn giá tốt tại Sài Gòn',N'Những mẹo giúp bạn tiết kiệm chi phí khi đặt phòng như săn khuyến mãi, đặt trước, chọn vị trí hợp lý và sử dụng các nền tảng đặt phòng uy tín',null),
(N'Guide',N'2024-04-06',N'Top 5 resort đáng ở nhất tại Phú Quốc',N'Danh sách những resort có view đẹp, bãi biển riêng, dịch vụ đẳng cấp, spa sang trọng và hoạt động giải trí phong phú tại Phú Quốc',null),
(N'Guide',N'2023-11-30',N'Những homestay đẹp nhất tại Đà Lạt',N'Homestay với thiết kế độc đáo, không gian yên tĩnh, phù hợp cho cặp đôi, với góc sống ảo đẹp mắt giữa núi rừng Đà Lạt',null),
(N'Guide',N'2022-05-30',N'Những khách sạn ven biển Quy Nhơn đáng thử',N'Tổng hợp các khách sạn có vị trí gần biển, phòng rộng rãi, giá cả hợp lý và dễ dàng di chuyển đến các điểm tham quan nổi tiếng',null),
(N'Guide',N'2022-10-12',N'Kinh nghiệm đặt phòng khách sạn tại Đồng Hới',N'Mẹo đặt phòng khách sạn tại Đồng Hới với giá hợp lý, các khu vực lưu trú phù hợp với từng nhu cầu và review khách sạn tốt nhất',null),
(N'Guide',N'2023-12-27',N'Những lưu ý khi đặt phòng khách sạn tại Tây Ninh',N'Những điều cần biết khi chọn khách sạn tại Tây Ninh, bao gồm vị trí, giá cả, tiện nghi và đánh giá từ du khách trước đó',null),
(N'About',N'2023-08-15',N'Welcome to Our Hotel',N'FAMOUS HOTEL là chuỗi khách sạn cao cấp, mang đến dịch vụ tận tâm và trải nghiệm lưu trú đẳng cấp. Với thiết kế hiện đại, tiện nghi sang trọng và không gian ấm cúng, chúng tôi đáp ứng mọi nhu cầu từ công tác đến nghỉ dưỡng, đảm bảo sự hài lòng cho mọi khách hàng.',null),
(N'SubContent',N'2024-08-13',N'Khám Phá Khách Sạn Mới Mở Gần Vịnh Hạ Long',N'Tận hưởng kỳ nghỉ dưỡng tuyệt vời tại khách sạn mới ngay gần Vịnh Hạ Long. Với view hướng vịnh tuyệt đẹp, không gian yên bình và dịch vụ đẳng cấp, đây là điểm đến lý tưởng cho những ai muốn hòa mình vào vẻ đẹp thiên nhiên và thư giãn hoàn hảo.',11),
(N'SubContent',N'2024-08-14',N'Nghỉ Dưỡng Cao Cấp Tại Khách Sạn Ven Vịnh Hạ Long',N'Khách sạn mới mở gần Vịnh Hạ Long hứa hẹn mang đến trải nghiệm nghỉ dưỡng đẳng cấp với các phòng nghỉ hiện đại, view biển xanh ngát và các tiện ích như spa, bể bơi vô cực. Đừng bỏ lỡ cơ hội trải nghiệm không gian nghỉ dưỡng tuyệt vời này!',11),
(N'SubContent',N'2024-08-15',N'Tour Vịnh Hạ Long: Trải Nghiệm Độc Đáo Từ Khách Sạn Mới',N'Lựa chọn nghỉ ngơi tại khách sạn mới gần Vịnh Hạ Long, bạn sẽ được tham gia những tour tham quan hấp dẫn như chèo kayak, khám phá hang động và tham quan làng chài nổi. Hãy để kỳ nghỉ của bạn thêm phần đáng nhớ với các hoạt động thú vị này.',11),
(N'SubContent',N'2024-08-16',N'Thiên Đường Nghỉ Dưỡng Mới Tại Vịnh Hạ Long',N'Với không gian yên bình, thiết kế hiện đại và dịch vụ chuyên nghiệp, khách sạn mới mở gần Vịnh Hạ Long là điểm đến lý tưởng để tận hưởng kỳ nghỉ trọn vẹn. Phòng nghỉ rộng rãi, view hướng vịnh tuyệt đẹp sẽ làm bạn hài lòng ngay từ cái nhìn đầu tiên.',11),
(N'SubContent',N'2024-08-17',N'Đặt Phòng Ngay Hôm Nay Tại Khách Sạn Gần Vịnh Hạ Long',N'Đừng bỏ lỡ cơ hội trải nghiệm kỳ nghỉ sang trọng tại khách sạn mới gần Vịnh Hạ Long. Với ưu đãi đặc biệt khai trương, bạn có thể tận hưởng view hướng biển tuyệt đẹp, các món ăn đặc sản vùng miền và không gian nghỉ dưỡng thư giãn bậc nhất.',11)


insert into Hotel(name,hotline,address,email,description)
values 
(N'Grand Lotus Hanoi','024-39876688',N'123 Hoàn Kiếm, Hà Nội',N'hanoi@grandlotushotel.com',N'Khách sạn 5 sao sang trọng nằm ngay trung tâm Hà Nội, với nội thất đẳng cấp và dịch vụ chuyên nghiệp'),
(N'Grand Lotus Saigon','028-35678899',N'456 Nguyễn Huệ, Quận 1, TP Hồ Chí Minh',N'saigon@grandlotushotel.com',N'Khách sạn cao cấp với hồ bơi trên tầng thượng, phòng nghỉ hiện đại và nhà hàng phục vụ món Âu - Á'),
(N'Grand Lotus Da Nang','0236-3986555',N'98 Võ Nguyên Giáp, Đà Nẵng',N'danang@grandlotushotel.com',N'Nghỉ dưỡng ven biển với view nhìn ra bãi biển Mỹ Khê tuyệt đẹp, dịch vụ spa chuyên nghiệp'),
(N'Grand Lotus Nha Trang','0258-3766555',N'77 Trần Phú, Nha Trang',N'nhatrang@grandlotushotel.com',N'Khách sạn 5 sao với bể bơi vô cực, phòng rộng rãi, nhà hàng hải sản tươi ngon'),
(N'Grand Lotus Phu Quoc','0297-3987888',N'12 Trần Hưng Đạo, Phú Quốc',N'phuquoc@grandlotushotel.com',N'Resort 5 sao ven biển với bãi cát trắng, nhà hàng ngoài trời và không gian nghỉ dưỡng lý tưởng'),
(N'Grand Lotus Ha Long','0203-3988999',N'Đường Hạ Long, Bãi Cháy, Quảng Ninh',N'halong@grandlotushotel.com',N'Khách sạn ven biển với view nhìn ra vịnh Hạ Long, phòng thiết kế sang trọng và quầy bar tầng thượng'),
(N'Grand Lotus Hue','0234-3987000',N'45 Lê Lợi, Huế',N'hue@grandlotushotel.com',N'Khách sạn mang phong cách hoàng gia, với thiết kế cổ kính, tiện nghi hiện đại và nhà hàng ẩm thực cung đình'),
(N'Grand Lotus Hoi An','0235-3987999',N'22 Trần Phú, Hội An',N'hoian@grandlotushotel.com',N'Khách sạn boutique nằm trong phố cổ, mang đậm nét kiến trúc truyền thống Hội An'),
(N'Grand Lotus Da Lat','0263-3988111',N'15 Nguyễn Chí Thanh, Đà Lạt',N'dalat@grandlotushotel.com',N'Khách sạn với kiến trúc kiểu Pháp, không gian yên tĩnh, phù hợp cho các cặp đôi và gia đình'),
(N'Grand Lotus Sapa','0214-3987222',N'89 Fansipan, Sapa',N'sapa@grandlotushotel.com',N'Khách sạn có tầm nhìn hướng núi, nội thất ấm cúng, dịch vụ spa và nhà hàng phục vụ đặc sản Tây Bắc')

insert into Room_type(name,description)
values
(N'Standard Room',N'Phòng tiêu chuẩn với đầy đủ tiện nghi cơ bản, phù hợp cho khách công tác hoặc du lịch ngắn ngày'),
(N'Superior Room',N'Phòng cao cấp hơn tiêu chuẩn với cửa sổ lớn, không gian rộng rãi, thiết kế hiện đại'),
(N'Executive Room',N'Phòng dành cho khách doanh nhân với bàn làm việc, minibar miễn phí và tầm nhìn đẹp'),
(N'Family Room',N'Phòng gia đình có hai giường lớn, phù hợp cho gia đình có trẻ nhỏ'),
(N'Twin Room',N'Phòng có hai giường đơn, thích hợp cho bạn bè hoặc đồng nghiệp đi công tác'),
(N'King Room',N'Phòng có giường King size, thiết kế sang trọng, hướng biển hoặc thành phố'),
(N'Queen Room',N'Phòng có giường Queen, nội thất hiện đại, phù hợp cho cặp đôi'),
(N'Penthouse Suite',N'Phòng cao cấp nhất của khách sạn, rộng rãi với tầm nhìn toàn cảnh thành phố-biển'),
(N'Presidentia.Suite',N'Phòng Tổng thống với không gian xa hoa, phòng khách riêng, dịch vụ quản gia 24-7'),
(N'Sky Suite',N'Phòng suite ở tầng cao nhất với ban công rộng, tầm nhìn đẹp nhất khách sạn'),
(N'Heritage Room',N'Phòng mang phong cách cổ điển, nội thất gỗ, không gian ấm áp và sang trọng'),
(N'Ocean View Room',N'Phòng có ban công nhìn trực tiếp ra biển, thiết kế nhẹ nhàng, thư giãn'),
(N'Mountain View Room',N'Phòng có tầm nhìn ra núi, không gian thoáng đãng, phù hợp với người yêu thiên nhiên'),
(N'Business Suite',N'Phòng dành cho khách doanh nhân với bàn làm việc lớn, dịch vụ in ấn, minibar')

insert into Room(name,price,quantity,area,bed_quantity,description,hotel_ID,roomType_ID)
values
(N'Phòng Standard Garden View',950000,14,21,2,N'Phòng Standard Garden View, gần khu vườn và bể bơi, không gian thư giãn',10,3),
(N'Presidentia Suite',4800000,2,65,2,N'Presidentia.Suite sang trọng với phòng khách rộng, phòng ăn riêng, dịch vụ VIP',10,7),
(N'Suite',2600000,5,40,2,N'Suite rộng rãi, nội thất sang trọng, minibar miễn phí, dịch vụ phòng 24-7',10,1),
(N'Standard',2800000,2,45,1,N'Phòng Presidentia.Suite, nội thất xa hoa, phòng tắm đá cẩm thạch, dịch vụ VIP',9,1),
(N'Standard',1100000,15,23,2,N'Phòng tiêu chuẩn giường đôi, thiết kế hiện đại, gần trung tâm tiện ích của khách sạn',9,1),
(N'Phòng Standard hướng biển',1000000,18,22,1,N'Phòng Standard có thiết kế ấm áp, tiện nghi đầy đủ, phù hợp cho khách đi công tác',9,1),
(N'Phòng Deluxe hướng biển',1800000,8,30,1,N'Phòng Deluxe hướng biển, có ban công riêng, giường lớn thoải mái',9,12),
(N'Execuite hướng biển',2500000,5,40,1,N'Phòng Executive Suite rộng rãi, có phòng làm việc riêng, dịch vụ cao cấp',7,2),
(N'Deluxe vip',1800000,8,30,1,N'Phòng Deluxe có ban công, ánh sáng tự nhiên, giường lớn thoải mái',7,2),
(N'Penthouse Suite',2700000,4,39,1,N'Biệt thự sân vườn, không gian xanh mát, hồ bơi riêng',6,1),
(N'Superior',900000,15,20,1,N'Phòng Standard với thiết kế ấm cúng, phù hợp cho khách công tác hoặc du lịch ngắn ngày',5,10),
(N'Phòng Superior Twin',1300000,10,24,1,N'Phòng Superior Twin với cửa sổ lớn, ánh sáng tự nhiên, nội thất gỗ ấm áp',5,4),
(N'Suite',2600,0005,42,2,N'Suite cao cấp có khu vực tiếp khách riêng, hướng biển, nội thất sang trọng',5,14),
(N'Suite',2100000,6,35,1,N'Phòng Suite có thiết kế hiện đại, khu vực tiếp khách riêng, minibar miễn phí',5,8),
(N'Standard',850000,18,18,2,N'Phòng nhỏ gọn nhưng đầy đủ tiện nghi, phù hợp cho khách đi công tác ngắn ngày',4,1),
(N'Suite cao cấp',2350000,6,37,1,N'Phòng Suite có không gian rộng rãi, ban công riêng và ghế dài thư giãn',4,1),
(N'Phòng Superior Twin',1600000,9,28,2,N'Phòng Superior Twin với cửa sổ lớn, phù hợp cho gia đình nhỏ hoặc nhóm bạn',4,1),
(N'Suite cao cấp',2200000,6,36,1,N'Suite cao cấp với tầm nhìn toàn cảnh thành phố, bồn tắm đá cẩm thạch',4,11),
(N'Phòng Premium',1950000,7,34,1,N'Phòng Premium có minibar miễn phí, bàn làm việc và dịch vụ phòng 24-7',3,1),
(N'Phòng Superior Twin',1500000,8,28,2,N'Phòng Superior với 2 giường đơn, phù hợp cho nhóm bạn hoặc gia đình nhỏ',2,1),
(N'Phòng Superior Twin',1550000,10,27,2,N'Phòng Superior có 2 giường đơn, tầm nhìn đẹp, phù hợp cho gia đình hoặc nhóm bạn',2,6),
(N'Suite hướng biển',2800000,5,40,1,N'Suite hướng biển, có khu vực bếp nhỏ, dịch vụ phòng 24-7',2,4),
(N'Phòng Superior Twin',1550000,10,27,1,N'Phòng Superior Twin với cửa kính lớn, hướng biển, nội thất tinh tế',2,1),
(N'Standard',1000000,20,22,2,N'Phòng tiêu chuẩn với 2 giường đơn, thiết kế đơn giản, đầy đủ tiện nghi',1,5)

insert into Amenities(name)
values
(N'Wi-Fi miễn phí'),
(N'Bể bơi ngoài trời'),
(N'Bể bơi trong nhà'),
(N'Spa & Massage'),
(N'Phòng Gym'),
(N'Két sắt an toàn'),
(N'Nhà hàng ẩm thực quốc tế'),
(N'Quầy bar & Lounge'),
(N'Bữa sáng buffet miễn phí'),
(N'Dịch vụ phòng 24-7'),
(N'Khu vui chơi trẻ em'),
(N'Phòng hội nghị & sự kiện'),
(N'Dịch vụ giặt ủi'),
(N'Khu vực xông hơi'),
(N'Hồ bơi vô cực'),
(N'Dịch vụ cho thuê xe hơi'),
(N'Khu vực làm việc chung'),
(N'Bar trên tầng thượng'),
(N'Dịch vụ chăm sóc sắc đẹp'),
(N'Phòng tắm hơi'),
(N'Máy pha cà phê tại phòng'),
(N'Tủ lạnh mini'),
(N'ATM & Dịch vụ đổi tiền'),
(N'Dịch vụ y tế 24-7'),
(N'Bể bơi trẻ em')

insert into Room_has_amenities(room_ID,amenities_ID)
values
(20,20),
(20,19),
(19,19),
(19,18),
(18,18),
(18,17),
(17,17),
(17,16),
(16,16),
(16,15),
(15,15),
(15,14),
(14,14),
(14,13),
(13,13),
(13,12),
(12,12),
(12,11),
(11,11),
(11,10),
(10,10),
(10,9),
(9,9),
(9,8),
(8,8),
(8,7),
(7,7),
(7,6),
(6,6),
(6,5),
(5,5),
(5,4),
(4,4),
(4,3),
(3,3),
(3,2),
(2,2),
(2,1),
(1,1),
(1,25)

insert into Service(name,suppliers,price,description,hotel_ID)
values
(N'Buffet sáng',N'Grand Lotus Catering',250000,N'Buffet sáng đa dạng món Á - Âu, phục vụ từ 6h30 - 10h00',1),
(N'Đưa đón sân bay',N'Lotus Transport',350000,N'Dịch vụ đưa đón sân bay bằng xe riêng, tài xế chuyên nghiệp',2),
(N'Massage thư giãn',N'Lotus Spa',600000,N'Massage body thư giãn với tinh dầu thiên nhiên',3),
(N'Thuê xe máy',N'Loca.Trave.Partner',200000,N'Thuê xe máy để khám phá địa phương, có mũ bảo hiểm đi kèm',4),
(N'Thuê xe ô tô có tài xế',N'Lotus Transport',1200000,N'Dịch vụ thuê xe 4-7 chỗ có tài xế riêng, linh hoạt lịch trình',5),
(N'Giặt ủi quần áo',N'Speed Laundry Service',100000,N'Dịch vụ giặt ủi trong ngày, nhận đồ trước 10h00 sáng',6),
(N'Dọn phòng theo yêu cầu',N'Grand Lotus Cleaning',50000,N'Dịch vụ dọn phòng ngoài lịch cố định theo yêu cầu khách hàng',7),
(N'Phòng họp doanh nghiệp',N'Grand Lotus Event',5000000,N'Phòng họp tiêu chuẩn, sức chứa 50-200 người, đầy đủ trang thiết bị',8),
(N'Tổ chức sự kiện, tiệc cưới',N'Lotus Event Planner',50000000,N'Dịch vụ tổ chức tiệc cưới, hội nghị, gala dinner chuyên nghiệp',9),
(N'Spa trị liệu toàn thân',N'Lotus Spa',800000,N'Trải nghiệm spa cao cấp với liệu pháp đá nóng, massage chuyên sâu',10),
(N'Xông hơi, tắm bùn',N'Natura.Spa Resort',500000,N'Dịch vụ xông hơi, tắm bùn giúp thư giãn cơ thể, cải thiện sức khỏe',1),
(N'Gym & Fitness',N'Grand Lotus Gym',150000,N'Dịch vụ phòng gym hiện đại, có huấn luyện viên hỗ trợ',2),
(N'Yoga buổi sáng',N'Lotus Wellness Club',200000,N'Lớp yoga ngoài trời với huấn luyện viên chuyên nghiệp',3),
(N'Bar trên tầng thượng',N'Lotus Sky Bar',100000,N'Thưởng thức cocktai.và ngắm hoàng hôn trên tầng thượng',4),
(N'Bữa tối lãng mạn trên bãi biển',N'Beachside Dining',2500000,N'Set menu bữa tối lãng mạn dành cho cặp đôi trên bãi biển',5),
(N'Thuê ca nô riêng',N'Lotus Marine',3500000,N'Dịch vụ thuê ca nô riêng để khám phá các đảo xung quanh',6),
(N'Lặn biển có hướng dẫn viên',N'Deep Blue Diving',2000000,N'Tour lặn biển chuyên nghiệp với đầy đủ trang bị an toàn',7),
(N'Chèo thuyền kayak',N'Lotus Adventure Club',500000,N'Dịch vụ chèo thuyền kayak tại hồ hoặc trên biển',8),
(N'Trải nghiệm nấu ăn với đầu bếp',N'Lotus Culinary Class',1500000,N'Lớp học nấu ăn với đầu bếp khách sạn, hướng dẫn làm món đặc trưng',9),
(N'Dịch vụ trang trí phòng',N'Lotus Decoration',400000,N'Trang trí phòng theo yêu cầu cho sinh nhật, tuần trăng mật, cầu hôn',10),
(N'Hướng dẫn viên du lịch',N'Loca.Trave.Guide',1200000,N'Thuê hướng dẫn viên bản địa để khám phá văn hóa, lịch sử',1),
(N'Câu cá trên biển',N'Lotus Fishing Club',2000000,N'Trải nghiệm câu cá trên thuyền cùng ngư dân địa phương',2),
(N'Dịch vụ thuê flycam chụp ảnh',N'Sky Drone Services',2500000,N'Thuê flycam để quay phim, chụp ảnh kỷ niệm tại resort',3),
(N'Dịch vụ y tế 24-7',N'Grand Lotus Medical',500000,N'Hỗ trợ sơ cứu và tư vấn y tế 24-7 cho khách lưu trú',4),
(N'Hồ bơi vô cực riêng',N'Lotus Infinity Pool',2000000,N'Dịch vụ đặt hồ bơi vô cực riêng theo giờ cho gia đình-cặp đôi',5),
(N'Dịch vụ makeup & làm tóc',N'Lotus Beauty Studio',700000,N'Trang điểm và làm tóc theo yêu cầu, phù hợp cho sự kiện đặc biệt',6),
(N'Dịch vụ trang trí tiệc sinh nhật',N'Lotus Party Service',2500000,N'Trang trí và tổ chức tiệc sinh nhật tại khách sạn hoặc ngoài trời',7),
(N'Xem phim ngoài trời',N'Lotus Cinema Night',800000,N'Chiếu phim ngoài trời với ghế lười, bắp rang và nước uống',8)

insert into Voucher(voucher_code,start_date,end_date,description,percentage)
values
(N'VOUCHER1','2024-03-01','2024-03-31',N'Giảm 20% cho khách đặt phòng trước 7 ngày',20),
(N'VOUCHER2','2024-04-05','2024-04-20',N'Ưu đãi 30% cho khách đặt phòng trên 3 đêm',30),
(N'VOUCHER3','2024-05-10','2024-05-25',N'Giảm 15% cho khách hàng mới đặt lần đầu tiên',15),
(N'VOUCHER4','2024-06-01','2024-06-15',N'Ưu đãi mùa hè - giảm 25% cho tất cả hạng phòng',25),
(N'VOUCHER5','2024-06-20','2024-07-05',N'Giảm 10% cho khách hàng thành viên VIP',10),
(N'VOUCHER6','2024-07-01','2024-07-31',N'Đặt phòng 4 đêm, trả tiền 3 đêm',25),
(N'VOUCHER7','2024-08-10','2024-08-30',N'Ưu đãi giảm 20% cho cặp đôi đi hưởng tuần trăng mật',20),
(N'VOUCHER8','2024-09-05','2024-09-25',N'Giảm 15% khi đặt combo phòng + spa',15),
(N'VOUCHER9','2024-10-01','2024-10-10',N'Khuyến mãi Quốc tế Phụ nữ - giảm 30% cho nữ giới',30),
(N'VOUCHER10','2024-10-20','2024-10-31',N'Giảm 20% khi đặt phòng kèm bữa tối lãng mạn',20),
(N'VOUCHER11','2024-11-01','2024-11-20',N'Mừng Ngày Nhà Giáo - giảm 15% cho giáo viên',15),
(N'VOUCHER12','2024-12-01','2024-12-15',N'Khuyến mãi mùa đông - giảm 25% cho khách ở từ 2 đêm',25),
(N'VOUCHER13','2024-12-20','2024-12-31',N'Ưu đãi Giáng Sinh - giảm 30% cho tất cả hạng phòng',30),
(N'VOUCHER14','2025-01-01','2025-01-10',N'Chào năm mới - giảm 20% cho tất cả khách hàng',20),
(N'VOUCHER15','2025-01-15','2025-01-31',N'Tết Nguyên Đán - giảm 15% khi đặt phòng trước 1 tháng',15),
(N'VOUCHER16','2025-02-10','2025-02-25',N'Ưu đãi Valentine - giảm 25% cho các cặp đôi',25),
(N'VOUCHER17','2025-03-01','2025-03-31',N'Giảm 30% cho nhóm đặt phòng từ 3 người trở lên',30),
(N'VOUCHER18','2025-04-10','2025-04-25',N'Giảm 10% cho khách hàng thanh toán online',10),
(N'VOUCHER19','2025-05-05','2025-05-20',N'Ưu đãi hè - giảm 20% khi đặt phòng hạng sang',20),
(N'VOUCHER20','2025-06-01','2025-06-15',N'Giảm 25% cho gia đình có trẻ em',25),
(N'VOUCHER21','2025-07-10','2025-07-31',N'Giảm 30% khi đặt phòng kèm dịch vụ spa',30),
(N'VOUCHER22','2025-08-01','2025-08-15',N'Mừng ngày Quốc Khánh - giảm 15% trên tổng hóa đơn',15),
(N'VOUCHER23','2025-09-05','2025-09-30',N'Giảm 10% khi đặt phòng tại chi nhánh Đà Nẵng',10),
(N'VOUCHER24','2025-10-10','2025-10-25',N'Ưu đãi giảm giá 20% khi đặt combo phòng + ăn sáng',20),
(N'VOUCHER25','2025-11-01','2025-11-30',N'Giảm 25% cho khách hàng đặt qua app Grand Lotus',25),
(N'VOUCHER26','2025-12-01','2025-12-20',N'Giảm 30% cho khách đặt phòng trên 3 đêm liên tục',30)

insert into Room_apply_voucher(room_ID,voucher_ID)
values
(1,1),
(2,2),
(3,3),
(4,4),
(5,5),
(6,6),
(7,7),
(8,8),
(9,9),
(10,10),
(11,11),
(12,12),
(13,13),
(14,14),
(15,15),
(16,5),
(17,6),
(18,7),
(19,8),
(20,9),
(21,10),
(22,11),
(23,1),
(24,2)

insert into Service_apply_voucher(service_ID,voucher_ID)
values
(1,1),
(2,2),
(3,3),
(4,2),
(5,3),
(6,4),
(7,26),
(8,25),
(9,12),
(10,13),
(11,12),
(12,12),
(13,10),
(14,10),
(15,22),
(16,20),
(17,20),
(18,20),
(19,14),
(20,14),
(21,14),
(22,14),
(23,16),
(24,16),
(25,16),
(26,17),
(27,17),
(28,17)

insert into Role(name)
values
(N'Admin'),
(N'Manager'),
(N'Booking Staff'),
(N'Marketing Staff'),
(N'Customer'),
(N'Guest')

SET IDENTITY_INSERT Account ON;
insert into Account(account_ID,username,password,registration_date,last_login,email,status,role_ID)
values
(1001,N'minhnguyen',N'minh123',N'2023-01-10',N'2024-02-01 08:30',N'minhnguyen@gmail.com',N'Active',1),
(1002,N'antran',N'an123',N'2023-02-15',N'2024-02-02 09:15',N'antran@gmail.com',N'Active',2),
(1003,N'huyle',N'huy123',N'2023-03-20',N'2024-02-03 10:20',N'huyle@gmail.com',N'Active',3),
(1004,N'lanpham',N'lan123',N'2023-04-05',N'2024-02-04 11:00',N'lanpham@gmail.com',N'Active',3),
(1005,N'thaodo',N'thao123',N'2023-05-12',N'2024-02-05 12:10',N'thaodo@gmail.com',N'Inactive',3),
(1006,N'dunghoang',N'dung123',N'2023-06-18',N'2024-02-06 13:25',N'dunghoang@gmail.com',N'Active',3),
(1007,N'maibui',N'mai123',N'2023-07-22',N'2024-02-07 14:00',N'maibui@gmail.com',N'Active',3),
(1008,N'phuongvu',N'phuong123',N'2023-08-30',N'2024-02-08 15:40',N'phuongvu@gmail.com',N'Active',3),
(1009,N'quangdinh',N'quang123',N'2023-09-14',N'2024-02-09 16:55',N'quangdinh@gmail.com',N'Inactive',3),
(1010,N'vynguyen',N'vy123',N'2023-10-01',N'2024-02-10 17:20',N'vynguyen@gmail.com',N'Active',3),
(1011,N'namtrinh',N'nam123',N'2023-11-05',N'2024-02-11 18:10',N'namtrinh@gmail.com',N'Active',4),
(1012,N'tranglam',N'trang123',N'2023-12-20',N'2024-02-12 19:05',N'tranglam@gmail.com',N'Active',4),
(1013,N'baoto',N'bao123',N'2024-01-15',N'2024-02-13 20:00',N'baoto@gmail.com',N'Active',4),
(1014,N'hanhta',N'hanh123',N'2024-02-01',N'2024-02-14 21:30',N'hanhta@gmail.com',N'Active',4),
(1015,N'tungnguyen',N'tung123',N'2024-02-05',N'2024-02-15 22:45',N'tungnguyen@gmail.com',N'Active',4),
(1016,N'linhtran',N'linh123',N'2024-02-10',N'2024-02-16 23:15',N'linhtran@gmail.com',N'Inactive',4),
(1017,N'haiphan',N'hai123',N'2024-02-15',N'2024-02-17 00:00',N'haiphan@gmail.com',N'Active',4),
(1018,N'sonvo',N'son123',N'2024-02-20',N'2024-02-18 01:30',N'sonvo@gmail.com',N'Active',4),
(1019,N'ngocnguyen',N'ngoc123',N'2024-02-25',N'2024-02-19 02:45',N'ngocnguyen@gmail.com',N'Active',4),
(1020,N'phatdo',N'phat123',N'2024-03-01',N'2024-02-20 03:10',N'phatdo@gmail.com',N'Active',4),
(1021,N'thuyluong',N'thuy123',N'2024-03-02',N'2024-02-21 04:15',N'thuyluong@gmail.com',N'Active',4),
(1022,N'ducquach',N'duc123',N'2024-03-05',N'2024-02-22 05:30',N'ducquach@gmail.com',N'Active',5),
(1023,N'hoatruong',N'hoa123',N'2024-03-07',N'2024-02-23 06:45',N'hoatruong@gmail.com',N'Inactive',5),
(1024,N'cuongdang',N'cuong123',N'2024-03-10',N'2024-02-24 07:50',N'cuongdang@gmail.com',N'Active',5),
(1025,N'kimly',N'kim123',N'2024-03-12',N'2024-02-25 08:10',N'kimly@gmail.com',N'Active',5),
(1026,N'hoaitong',N'hoai123',N'2024-03-15',N'2024-02-26 09:20',N'hoaitong@gmail.com',N'Active',5),
(1027,N'chauvan',N'chau123',N'2024-03-18',N'2024-02-27 10:40',N'chauvan@gmail.com',N'Active',5),
(1028,N'dattrinh',N'dat123',N'2024-03-20',N'2024-02-28 11:05',N'dattrinh@gmail.com',N'Inactive',5),
(1029,N'thanhhoang',N'thanh123',N'2024-03-22',N'2024-02-29 12:30',N'thanhhoang@gmail.com',N'Active',5),
(1030,N'tuyetpham',N'tuyet123',N'2024-03-25',N'2024-03-01 13:45',N'tuyetpham@gmail.com',N'Active',5),
(1031,N'loile',N'loi123',N'2024-03-28',N'2024-03-02 14:55',N'loile@gmail.com',N'Active',5),
(1032,N'xuanduong',N'xuan123',N'2024-03-30',N'2024-03-03 15:20',N'xuanduong@gmail.com',N'Active',5),
(1033,N'giangbui',N'giang123',N'2024-04-02',N'2024-03-04 16:35',N'giangbui@gmail.com',N'Active',5),
(1034,N'haoton',N'hao123',N'2024-04-05',N'2024-03-05 17:50',N'haoton@gmail.com',N'Active',5),
(1035,N'vinhnghiem',N'vinh123',N'2024-04-08',N'2024-03-06 18:10',N'vinhnghiem@gmail.com',N'Inactive',5),
(1036,N'daotho',N'dao123',N'2024-04-10',N'2024-03-07 19:20',N'daotho@gmail.com',N'Active',5),
(1037,N'yennguyen',N'yen123',N'2024-04-12',N'2024-03-08 20:35',N'yennguyen@gmail.com',N'Active',5),
(1038,N'khoaly',N'khoa123',N'2024-04-15',N'2024-03-09 21:50',N'khoaly@gmail.com',N'Active',5),
(1039,N'phucdinh',N'phuc123',N'2024-04-18',N'2024-03-10 22:05',N'phucdinh@gmail.com',N'Active',5),
(1040,N'oanhnguyen',N'oanh123',N'2024-04-20',N'2024-03-11 23:20',N'oanhnguyen@gmail.com',N'Active',5),
(1041,N'trongtran',N'trong123',N'2024-04-22',N'2024-03-12 00:35',N'trongtran@gmail.com',N'Active',5),
(1042,N'havo',N'ha123',N'2024-04-25',N'2024-03-13 01:50',N'havo@gmail.com',N'Active',5),
(1043,N'thuantto',N'thuan123',N'2024-04-28',N'2024-03-14 02:10',N'thuantto@gmail.com',N'Active',5),
(1044,N'myhoang',N'my123',N'2024-04-30',N'2024-03-15 03:25',N'myhoang@gmail.com',N'Active',5),
(1045,N'thinhtrinh',N'thinh123',N'2024-05-02',N'2024-03-16 04:40',N'thinhtrinh@gmail.com',N'Active',5),
(1046,N'namphan',N'nam123',N'2024-05-05',N'2024-03-17 05:55',N'namphan@gmail.com',N'Active',5),
(1047,N'tuyndo',N'tuyen123',N'2024-05-08',N'2024-03-18 06:10',N'tuyndo@gmail.com',N'Active',5),
(1048,N'trile',N'tri123',N'2024-05-10',N'2024-03-19 07:20',N'trile@gmail.com',N'Active',5),
(1049,N'thaoduong',N'thao123',N'2024-05-12',N'2024-03-20 08:35',N'thaoduong@gmail.com',N'Active',5),
(1050,N'sangnguyen',N'sang123',N'2024-05-15',N'2024-03-21 09:50',N'sangnguyen@gmail.com',N'Active',5)

insert into Feedback(rate,content,hotel_ID,account_ID)
values
(5,N'"Khách sạn tuyệt vời, nhân viên thân thiện, vị trí đắc địa!"',1,1001),
(4,N'"Phòng sạch sẽ, giường êm ái, nhưng bữa sáng chưa đa dạng lắm"',2,1002),
(5,N'"Dịch vụ chuyên nghiệp, rất đáng giá tiền, sẽ quay lại lần sau"',3,1003),
(3,N'"Phòng hơi nhỏ so với mong đợi, nhưng tiện nghi đầy đủ"',4,1004),
(4,N'"View biển rất đẹp, nhưng cần cải thiện tốc độ Wi-Fi"',5,1005),
(5,N'"Mọi thứ đều hoàn hảo, từ nhân viên đến dịch vụ và đồ ăn!"',6,1006),
(2,N'"Hơi ồn vào ban đêm, cách âm phòng chưa tốt lắm"',7,1007),
(5,N'"Spa tuyệt vời, không gian yên tĩnh, rất thích hợp để nghỉ dưỡng"',8,1008),
(4,N'"Dịch vụ phòng nhanh chóng, nhưng đồ ăn gọi lên hơi nguội"',9,1009),
(3,N'"Hồ bơi rộng nhưng nước hơi lạnh, phù hợp với người thích bơi lội"',10,1010),
(5,N'"Khách sạn sang trọng, giá hợp lý, nhân viên rất tận tình"',1,1011),
(2,N'"Máy lạnh trong phòng không hoạt động tốt, cần bảo trì thường xuyên"',2,1012),
(5,N'"Thích nhất là quầy bar trên tầng thượng, cocktai.rất ngon!"',3,1013),
(4,N'"Nội thất phòng đẹp, nhưng giường hơi cứng so với mình mong đợi"',4,1014),
(3,N'"Khu vực phòng gym hơi nhỏ, ít thiết bị tập luyện"',5,1015),
(5,N'"Bữa sáng phong phú, phục vụ chu đáo, cảm giác rất thư giãn!"',6,1016),
(4,N'"View hồ rất đẹp, nhưng nên thêm một số tiện ích giải trí ngoài trời"',7,1017),
(5,N'"Dịch vụ 5 sao xứng đáng, nhân viên rất nhiệt tình và chu đáo"',8,1018),
(3,N'"Phòng tắm đẹp nhưng nước nóng chảy yếu, nên cải thiện"',9,1019),
(2,N'"Quá đông khách vào cuối tuần, chờ thang máy khá lâu"',10,1020),
(5,N'"Phòng có ban công hướng biển rất chill, giá hợp lý!"',1,1021),
(4,N'"Nhân viên hỗ trợ tốt, nhưng quá trình check-in hơi lâu"',2,1022),
(3,N'"Bãi đậu xe rộng rãi nhưng cần có người hướng dẫn rõ ràng hơn"',3,1023),
(5,N'"Dịch vụ spa tuyệt vời, trị liệu viên rất chuyên nghiệp!"',4,1024),
(4,N'"Thích khu vực hồ bơi vô cực, nhưng quầy bar hơi nhỏ"',5,1025),
(5,N'"Kỳ nghỉ tuyệt vời! Mọi thứ đều trên cả mong đợi"',6,1026),
(2,N'"Phòng không có cửa sổ, cảm giác hơi bí bách"',7,1027),
(5,N'"Dịch vụ đón sân bay rất tiện lợi, tài xế thân thiện!"',8,1028),
(3,N'"Không gian đẹp nhưng cách âm kém, phòng bên cạnh hơi ồn"',9,1029),
(4,N'"Buffet sáng ngon, đặc biệt là món phở rất chuẩn vị!"',10,1030),
(5,N'"Nhân viên cực kỳ thân thiện, luôn hỗ trợ nhiệt tình"',1,1031),
(4,N'"View từ phòng cực đẹp, nhưng nên cải thiện ánh sáng phòng"',2,1032),
(2,N'"Giá hơi cao so với chất lượng, dịch vụ cần cải thiện"',3,1033),
(5,N'"Resort đẳng cấp, rất đáng để trải nghiệm"',4,1034),
(3,N'"Điều hòa trong phòng có chút vấn đề, nhưng nhân viên xử lý nhanh"',5,1035),
(5,N'"Không gian xanh mát, yên tĩnh, rất thích hợp để nghỉ dưỡng"',6,1036),
(4,N'"Dịch vụ đặt tour rất chuyên nghiệp, lịch trình hợp lý"',7,1037),
(2,N'"Vệ sinh phòng chưa tốt, còn có mùi lạ khi nhận phòng"',8,1038),
(5,N'"Nhà hàng phục vụ nhanh, đồ ăn ngon, giá hợp lý"',9,1039),
(3,N'"Thang máy hơi chậm, phải chờ lâu vào giờ cao điểm"',10,1040),
(4,N'"Hồ bơi rộng, nước sạch nhưng nên có thêm ghế thư giãn"',1,1041),
(5,N'"Nhân viên nhiệt tình, hỗ trợ chu đáo từ khi check-in đến check-out"',2,1042),
(3,N'"Vị trí trung tâm, nhưng khu vực xung quanh hơi ồn ào"',3,1043),
(4,N'"Có khu vui chơi trẻ em, rất phù hợp cho gia đình"',4,1044),
(5,N'"Lần thứ 3 quay lại và vẫn rất hài lòng với dịch vụ!"',5,1045),
(2,N'"Chất lượng bữa sáng chưa phong phú, món ăn lặp lại nhiều ngày"',6,1046),
(4,N'"Phòng sạch sẽ, giường thoải mái, nhưng wifi hơi yếu"',7,1047),
(5,N'"Khách sạn đáng giá tiền, mọi thứ đều hoàn hảo!"',8,1048),
(3,N'"Bồn tắm đẹp nhưng hệ thống thoát nước hơi chậm"',9,1049),
(5,N'"Tất cả mọi thứ đều tuyệt vời, từ nhân viên đến cơ sở vật chất!"',10,1050)

insert into Customer_Information(first_name,last_name,phone_num,citizenship,email,account_ID)
values
(N'Minh',N'Nguyễn',0987654321,N'Vietnam',N'minhnguyen@gmail.com',1001),
(N'An',N'Trần',0976543210,N'Vietnam',N'antran@gmail.com',1002),
(N'Huy',N'Lê',0965432109,N'Vietnam',N'huyle@gmail.com',1003),
(N'Lan',N'Phạm',0954321098,N'Vietnam',N'lanpham@gmail.com',1004),
(N'Thảo',N'Đỗ',0943210987,N'Vietnam',N'thaodo@gmail.com',1005),
(N'Dũng',N'Hoàng',0932109876,N'Vietnam',N'dunghoang@gmail.com',1006),
(N'Mai',N'Bùi',0921098765,N'Vietnam',N'maibui@gmail.com',1007),
(N'Phương',N'Vũ',0910987654,N'Vietnam',N'phuongvu@gmail.com',1008),
(N'Quang',N'Đinh',0909876543,N'Vietnam',N'quangdinh@gmail.com',1009),
(N'Vy',N'Nguyễn',0898765432,N'Vietnam',N'vynguyen@gmail.com',1010),
(N'Nam',N'Trịnh',0887654321,N'Vietnam',N'namtrinh@gmail.com',1011),
(N'Trang',N'Lâm',0876543210,N'Vietnam',N'tranglam@gmail.com',1012),
(N'Bảo',N'Tô',0865432109,N'Vietnam',N'baoto@gmail.com',1013),
(N'Hạnh',N'Tạ',0854321098,N'Vietnam',N'hanhta@gmail.com',1014),
(N'Tùng',N'Nguyễn',0843210987,N'Vietnam',N'tungnguyen@gmail.com',1015),
(N'Linh',N'Trần',0832109876,N'Vietnam',N'linhtran@gmail.com',1016),
(N'Hải',N'Phan',0821098765,N'Vietnam',N'haiphan@gmail.com',1017),
(N'Sơn',N'Võ',0810987654,N'Vietnam',N'sonvo@gmail.com',1018),
(N'Ngọc',N'Nguyễn',0809876543,N'Vietnam',N'ngocnguyen@gmail.com',1019),
(N'Phát',N'Đỗ',0798765432,N'Vietnam',N'phatdo@gmail.com',1020),
(N'Thúy',N'Lương',0787654321,N'Vietnam',N'thuyluong@gmail.com',1021),
(N'Đức',N'Quách',0776543210,N'Vietnam',N'ducquach@gmail.com',1022),
(N'Hoa',N'Trương',0765432109,N'Vietnam',N'hoatruong@gmail.com',1023),
(N'Cường',N'Đặng',0754321098,N'Vietnam',N'cuongdang@gmail.com',1024),
(N'Kim',N'Lý',0743210987,N'Vietnam',N'kimly@gmail.com',1025),
(N'Hoài',N'Tống',0732109876,N'Vietnam',N'hoaitong@gmail.com',1026),
(N'Châu',N'Văn',0721098765,N'Vietnam',N'chauvan@gmail.com',1027),
(N'Đạt',N'Trịnh',0710987654,N'Vietnam',N'dattrinh@gmail.com',1028),
(N'Thanh',N'Hoàng',0709876543,N'Vietnam',N'thanhhoang@gmail.com',1029),
(N'Tuyết',N'Phạm',0698765432,N'Vietnam',N'tuyetpham@gmail.com',1030),
(N'Lợi',N'Lê',0687654321,N'Vietnam',N'loile@gmail.com',1031),
(N'Xuân',N'Dương',0676543210,N'Vietnam',N'xuanduong@gmail.com',1032),
(N'Giang',N'Bùi',0665432109,N'Vietnam',N'giangbui@gmail.com',1033),
(N'Hảo',N'Tôn',0654321098,N'Vietnam',N'haoton@gmail.com',1034),
(N'Vinh',N'Nghiêm',0643210987,N'Vietnam',N'vinhnghiem@gmail.com',1035),
(N'Đào',N'Hồ',0632109876,N'Vietnam',N'daoho@gmail.com',1036),
(N'Yến',N'Nguyễn',0621098765,N'Vietnam',N'yennguyen@gmail.com',1037),
(N'Khoa',N'Lý',0610987654,N'Vietnam',N'khoaly@gmail.com',1038),
(N'Phúc',N'Đinh',0609876543,N'Vietnam',N'phucdinh@gmail.com',1039),
(N'Oanh',N'Nguyễn',0598765432,N'Vietnam',N'oanhnguyen@gmail.com',1040),
(N'Trọng',N'Trần',0587654321,N'Vietnam',N'trongtran@gmail.com',1041),
(N'Hà',N'Võ',0576543210,N'Vietnam',N'havo@gmail.com',1042),
(N'Thuận',N'Tô',0565432109,N'Vietnam',N'thuanto@gmail.com',1043),
(N'My',N'Hoàng',0554321098,N'Vietnam',N'myhoang@gmail.com',1044),
(N'Thịnh',N'Trịnh',0543210987,N'Vietnam',N'thinhtrinh@gmail.com',1045),
(N'Nam',N'Phan',0532109876,N'Vietnam',N'namphan@gmail.com',1046),
(N'Tuyền',N'Đỗ',0521098765,N'Vietnam',N'tuyendo@gmail.com',1047),
(N'Trí',N'Lê',0510987654,N'Vietnam',N'trile@gmail.com',1048),
(N'Thảo',N'Dương',0509876543,N'Vietnam',N'thaoduong@gmail.com',1049),
(N'Sang',N'Nguyễn',0498765432,N'Vietnam',N'sangnguyen@gmail.com',1050)

insert into [Order](start_date,end_date,create_at,total_amount,total_paid,status,customer_information_ID)
values
(N'2024-03-01',N'2024-03-05',N'2024-02-25',5000000,5000000,N'Completed',1),
(N'2024-03-10',N'2024-03-15',N'2024-03-01',7500000,7500000,N'Completed',2),
(N'2024-03-18',N'2024-03-20',N'2024-03-10',3000000,3000000,N'Completed',3),
(N'2024-03-22',N'2024-03-25',N'2024-03-15',4500000,2250000,N'Partially Paid',4),
(N'2024-04-01',N'2024-04-07',N'2024-03-20',9800000,9800000,N'Completed',5),
(N'2024-04-10',N'2024-04-12',N'2024-04-02',2800000,2800000,N'Completed',6),
(N'2024-04-15',N'2024-04-20',N'2024-04-08',6200000,6200000,N'Completed',7),
(N'2024-04-25',N'2024-04-30',N'2024-04-18',8500000,4250000,N'Partially Paid',8),
(N'2024-05-05',N'2024-05-10',N'2024-04-27',7000000,7000000,N'Completed',9),
(N'2024-05-12',N'2024-05-18',N'2024-05-05',11000000,5500000,N'Partially Paid',10),
(N'2024-05-20',N'2024-05-22',N'2024-05-12',2900000,2900000,N'Completed',11),
(N'2024-05-25',N'2024-05-30',N'2024-05-18',8200000,8200000,N'Completed',12),
(N'2024-06-01',N'2024-06-05',N'2024-05-25',5000000,2500000,N'Partially Paid',13),
(N'2024-06-10',N'2024-06-15',N'2024-06-01',9500000,9500000,N'Completed',14),
(N'2024-06-18',N'2024-06-20',N'2024-06-10',3500000,3500000,N'Completed',15),
(N'2024-06-22',N'2024-06-27',N'2024-06-15',7800000,7800000,N'Completed',16),
(N'2024-07-01',N'2024-07-07',N'2024-06-20',10500000,5250000,N'Partially Paid',17),
(N'2024-07-10',N'2024-07-15',N'2024-07-01',6700000,6700000,N'Completed',18),
(N'2024-07-20',N'2024-07-22',N'2024-07-12',3200000,3200000,N'Completed',19),
(N'2024-07-25',N'2024-07-30',N'2024-07-18',8900000,4450000,N'Partially Paid',20),
(N'2024-08-05',N'2024-08-10',N'2024-07-27',7300000,7300000,N'Completed',21),
(N'2024-08-12',N'2024-08-18',N'2024-08-05',11200000,5600000,N'Partially Paid',22),
(N'2024-08-20',N'2024-08-22',N'2024-08-12',3000000,3000000,N'Completed',23),
(N'2024-08-25',N'2024-08-30',N'2024-08-18',8700000,8700000,N'Completed',24),
(N'2024-09-01',N'2024-09-05',N'2024-08-25',5500000,2750000,N'Partially Paid',25),
(N'2024-09-10',N'2024-09-15',N'2024-09-01',9700000,9700000,N'Completed',26),
(N'2024-09-18',N'2024-09-20',N'2024-09-10',3600000,3600000,N'Completed',27),
(N'2024-09-22',N'2024-09-27',N'2024-09-15',8000000,8000000,N'Completed',28),
(N'2024-10-01',N'2024-10-07',N'2024-09-20',10800000,5400000,N'Partially Paid',29),
(N'2024-10-10',N'2024-10-15',N'2024-10-01',6900000,6900000,N'Completed',30)

insert into Profile(first_name,last_name,phone_num,citizenship,account_ID,hotel_ID)
values
(N'Minh',N'Nguyễn',0987654321,N'Vietnam',1001,null),
(N'An',N'Trần',0976543210,N'Vietnam',1002,null),
(N'Huy',N'Lê',0965432109,N'Vietnam',1003,1),
(N'Lan',N'Phạm',0954321098,N'Vietnam',1004,2),
(N'Thảo',N'Đỗ',0943210987,N'Vietnam',1005,3),
(N'Dũng',N'Hoàng',0932109876,N'Vietnam',1006,4),
(N'Mai',N'Bùi',0921098765,N'Vietnam',1007,5),
(N'Phương',N'Vũ',0910987654,N'Vietnam',1008,6),
(N'Quang',N'Đinh',0909876543,N'Vietnam',1009,7),
(N'Vy',N'Nguyễn',0898765432,N'Vietnam',1010,8),
(N'Nam',N'Trịnh',0887654321,N'Vietnam',1011,null),
(N'Trang',N'Lâm',0876543210,N'Vietnam',1012,null),
(N'Bảo',N'Tô',0865432109,N'Vietnam',1013,null),
(N'Hạnh',N'Tạ',0854321098,N'Vietnam',1014,null),
(N'Tùng',N'Nguyễn',0843210987,N'Vietnam',1015,null),
(N'Linh',N'Trần',0832109876,N'Vietnam',1016,null),
(N'Hải',N'Phan',0821098765,N'Vietnam',1017,null),
(N'Sơn',N'Võ',0810987654,N'Vietnam',1018,null),
(N'Ngọc',N'Nguyễn',0809876543,N'Vietnam',1019,null),
(N'Phát',N'Đỗ',0798765432,N'Vietnam',1020,null),
(N'Thúy',N'Lương',0787654321,N'Vietnam',1021,null),
(N'Đức',N'Quách',0776543210,N'Vietnam',1022,null),
(N'Hoa',N'Trương',0765432109,N'Vietnam',1023,null),
(N'Cường',N'Đặng',0754321098,N'Vietnam',1024,null),
(N'Kim',N'Lý',0743210987,N'Vietnam',1025,null),
(N'Hoài',N'Tống',0732109876,N'Vietnam',1026,null),
(N'Châu',N'Văn',0721098765,N'Vietnam',1027,null),
(N'Đạt',N'Trịnh',0710987654,N'Vietnam',1028,null),
(N'Thanh',N'Hoàng',0709876543,N'Vietnam',1029,null),
(N'Tuyết',N'Phạm',0698765432,N'Vietnam',1030,null),
(N'Lợi',N'Lê',0687654321,N'Vietnam',1031,null),
(N'Xuân',N'Dương',0676543210,N'Vietnam',1032,null),
(N'Giang',N'Bùi',0665432109,N'Vietnam',1033,null),
(N'Hảo',N'Tôn',0654321098,N'Vietnam',1034,null),
(N'Vinh',N'Nghiêm',0643210987,N'Vietnam',1035,null),
(N'Đào',N'Hồ',0632109876,N'Vietnam',1036,null),
(N'Yến',N'Nguyễn',0621098765,N'Vietnam',1037,null),
(N'Khoa',N'Lý',0610987654,N'Vietnam',1038,null),
(N'Phúc',N'Đinh',0609876543,N'Vietnam',1039,null),
(N'Oanh',N'Nguyễn',0598765432,N'Vietnam',1040,null),
(N'Trọng',N'Trần',0587654321,N'Vietnam',1041,null),
(N'Hà',N'Võ',0576543210,N'Vietnam',1042,null),
(N'Thuận',N'Tô',0565432109,N'Vietnam',1043,null),
(N'My',N'Hoàng',0554321098,N'Vietnam',1044,null),
(N'Thịnh',N'Trịnh',0543210987,N'Vietnam',1045,null),
(N'Nam',N'Phan',0532109876,N'Vietnam',1046,null),
(N'Tuyền',N'Đỗ',0521098765,N'Vietnam',1047,null),
(N'Trí',N'Lê',0510987654,N'Vietnam',1048,null),
(N'Thảo',N'Dương',0509876543,N'Vietnam',1049,null),
(N'Sang',N'Nguyễn',0498765432,N'Vietnam',1050,null)



